antalUndervisningsdage,beskrivelse,duration,endDate,forudsaetninger,holdTitle,id,institution,kontaktMail,kontaktPerson,kontaktPersonTlfNummer,lokationGade,lokationPostNr,lokationSted,startDate,tilmeldingsFrist,undervisningsform,undervisningstidspunkt,aabent,aflyst,aktiGuid,currentParticipantAmount,flereKurser,garantiKursus,hjemmeside,kviknummer,minimumParticipants,normpris,participantCapacity,tillaegspris,tillaegsprisAarsag,tillaegsprisBegrundelse,ledigePladser,link
,"Brancherettet asbestkursus for el- og vvs-branchen med fokus på typiske arbejdsopgaver og situationer fra installationsområdet.

Deltageren kan arbejde sikkerheds- og sundhedsmæssigt fuldt forsvarligt med ethvert andet asbestarbejde end autorisationskrævende nedrivning af asbestholdigt materiale, som det er defineret og reguleret i bekendtgørelse om asbest i arbejdsmiljøet.

Deltageren kan arbejde med ethvert asbestarbejde, der ikke kræver autorisation for nedrivning af asbest. Deltageren kan dermed arbejde med fx reparation og vedligeholdelse af asbestholdigt materiale, rengøring for asbeststøv, fjernelse af asbestforurenet materiale, asbestoprydning efter brande mv. og desuden med kortvarigt nedrivningsarbejde af mindre karakter, der ikke kræver autorisation

Vi tager generelt forbehold for prisændringer grundet ministerielle indgreb.",2,2026-10-21,Medbring bærbar PC hvis muligt. Brancherettet asbestkursus for el- og vvs-branchen med fokus på typiske arbejdsopgaver og situationer fra installationsområdet.,Sikkerhed v. asbestarbejde uden autorisationskrav,899755,Mercantec,emfy@mercantec.dk,Emilie Topp Fyllgraf,8950 3331,H. C. Andersens Vej 9,8800,Viborg,2026-10-20,2026-10-13,Dagundervisning,08:00 - 15:24,False,False,edbbf0e038ac42448ebd7bb1d7afb13f,1,False,False,www.mercantec.dk,281398HV2290601026,8,436,14,,,,13,https://voksenuddannelse.dk/soeg/uddannelser/amu/filtrering/kurs?subject_code=22906&level=-&type=amu&kviknummer=281398HV2290601026
,"Brancherettet asbestkursus for el- og vvs-branchen med fokus på typiske arbejdsopgaver og situationer fra installationsområdet.

Deltageren kan arbejde sikkerheds- og sundhedsmæssigt fuldt forsvarligt med ethvert andet asbestarbejde end autorisationskrævende nedrivning af asbestholdigt materiale, som det er defineret og reguleret i bekendtgørelse om asbest i arbejdsmiljøet.

Deltageren kan arbejde med ethvert asbestarbejde, der ikke kræver autorisation for nedrivning af asbest. Deltageren kan dermed arbejde med fx reparation og vedligeholdelse af asbestholdigt materiale, rengøring for asbeststøv, fjernelse af asbestforurenet materiale, asbestoprydning efter brande mv. og desuden med kortvarigt nedrivningsarbejde af mindre karakter, der ikke kræver autorisation

Vi tager generelt forbehold for prisændringer grundet ministerielle indgreb.",2,2026-11-04,Medbring bærbar PC hvis muligt. Brancherettet asbestkursus for el- og vvs-branchen med fokus på typiske arbejdsopgaver og situationer fra installationsområdet.,Sikkerhed v. asbestarbejde uden autorisationskrav,899770,Mercantec,amfy@mercantec.dk,Emilie Topp Fyllgraf,8950 3331,H. C. Andersens Vej 9,8800,Viborg,2026-11-03,2026-10-27,Dagundervisning,08:00 - 15:24,False,False,e46bc287829740438dcec6b89b8aa9ae,0,False,False,www.mercantec.dk,281398HV2290601126,8,436,18,,,,18,https://voksenuddannelse.dk/soeg/uddannelser/amu/filtrering/kurs?subject_code=22906&level=-&type=amu&kviknummer=281398HV2290601126
,"Brancherettet asbestkursus for el- og vvs-branchen med fokus på typiske arbejdsopgaver og situationer fra installationsområdet.

Deltageren kan arbejde sikkerheds- og sundhedsmæssigt fuldt forsvarligt med ethvert andet asbestarbejde end autorisationskrævende nedrivning af asbestholdigt materiale, som det er defineret og reguleret i bekendtgørelse om asbest i arbejdsmiljøet.

Deltageren kan arbejde med ethvert asbestarbejde, der ikke kræver autorisation for nedrivning af asbest. Deltageren kan dermed arbejde med fx reparation og vedligeholdelse af asbestholdigt materiale, rengøring for asbeststøv, fjernelse af asbestforurenet materiale, asbestoprydning efter brande mv. og desuden med kortvarigt nedrivningsarbejde af mindre karakter, der ikke kræver autorisation

Vi tager generelt forbehold for prisændringer grundet ministerielle indgreb.",2,2026-12-10,Medbring bærbar PC hvis muligt. Brancherettet asbestkursus for el- og vvs-branchen med fokus på typiske arbejdsopgaver og situationer fra installationsområdet.,Sikkerhed v. asbestarbejde uden autorisationskrav,899781,Mercantec,emfy@mercantec.dk,Emilie Topp Fyllgraf,8950 3331,H. C. Andersens Vej 9,8800,Viborg,2026-12-09,2026-12-02,Dagundervisning,08:00 - 15:24,False,False,9c9b4c4140464cd8b13c98e6680a700e,0,False,False,www.mercantec.dk,281398HV2290601226,8,436,20,,,,20,https://voksenuddannelse.dk/soeg/uddannelser/amu/filtrering/kurs?subject_code=22906&level=-&type=amu&kviknummer=281398HV2290601226
